"Source:","C:\Users\ilya\git\pcb\pico_breakout_head_dupont\pico_breakout_head.kicad_sch"
"Date:","4/10/2024 4:31:58 AM"
"Tool:","Eeschema 7.0.9"
"Generator:","C:\Program Files\KiCad\7.0\bin\scripting\plugins/bom_csv_grouped_by_value_with_fp.py"
"Component Count:","13"
"Ref","Qnty","Value","Cmp name","Footprint","Description","Vendor","DNP"
"D2","1","FS26","D_Schottky","Diode_SMD:D_SOD-123F","Schottky diode","",""
"J1, J2","2","HDR F 2.54MM 20-pin VERT","Conn_01x20","Connector_PinSocket_2.54mm:PinSocket_1x20_P2.54mm_Vertical","Generic connector, single row, 01x20, script generated (kicad-library-utils/schlib/autogen/connector/)","",""
"J3","1","HDR SKT 2.54MM 6P VERT","Conn_01x06_Key2","Connector_PinSocket_2.54mm:PinSocket_1x06_P2.54mm_Vertical","Generic connector, single row, 01x06, script generated (kicad-library-utils/schlib/autogen/connector/)","",""
"J4","1","HDR SKT 2.54MM 4P VERT","Conn_01x04","Connector_PinSocket_2.54mm:PinSocket_1x04_P2.54mm_Vertical","Generic connector, single row, 01x04, script generated (kicad-library-utils/schlib/autogen/connector/)","",""
"J5","1","JST B2B-XH-A","Conn_01x02","Connector_JST:JST_XH_B2B-XH-A_1x02_P2.50mm_Vertical","Generic connector, single row, 01x02, script generated (kicad-library-utils/schlib/autogen/connector/)","",""
"J6","1","HDR SKT 2.54MM 11P VERT","Conn_01x11","Connector_PinHeader_2.54mm:PinHeader_1x11_P2.54mm_Vertical","Generic connector, single row, 01x11, script generated (kicad-library-utils/schlib/autogen/connector/)","",""
"Q1","1","AS2302","AS2302","Package_TO_SOT_SMD:SOT-23","3A Id, 20V Vds, N-Channel MOSFET, SOT-23","",""
"R1, R2, R3, R4","4","1M","R_Small_US","Resistor_SMD:R_0603_1608Metric","Resistor, small US symbol","",""
"U1","1","Pico","Pico","Makerspet:RPi_Pico_SMD_TH","","",""
