"Source:","C:\Users\ilya\git\pcb\neato_delta_adapter\neato_delta_adapter.kicad_sch"
"Date:","3/9/2024 1:06:01 AM"
"Tool:","Eeschema 7.0.9"
"Generator:","C:\Program Files\KiCad\7.0\bin\scripting\plugins/bom_csv_grouped_by_value_with_fp.py"
"Component Count:","10"
"Ref","Qnty","Value","Cmp name","Footprint","Description","Vendor","DNP"
"C1","1","100uF","C","Capacitor_SMD:C_1206_3216Metric","Unpolarized capacitor","",""
"D1","1","FS26","D_Schottky","Diode_SMD:D_SOD-123F","Schottky diode","",""
"J1","1","JST PH2.0 B4B Vert","Conn_01x04","Connector_JST:JST_PH_B4B-PH-K_1x04_P2.00mm_Vertical","Generic connector, single row, 01x04, script generated (kicad-library-utils/schlib/autogen/connector/)","",""
"J2","1","JST PH2.0 B2B Vert","Conn_01x02","Connector_JST:JST_PH_B2B-PH-K_1x02_P2.00mm_Vertical","Generic connector, single row, 01x02, script generated (kicad-library-utils/schlib/autogen/connector/)","",""
"J3","1","JST PH B4B Vert","Conn_01x04","Connector_JST:JST_PH_B4B-PH-K_1x04_P2.00mm_Vertical","Generic connector, single row, 01x04, script generated (kicad-library-utils/schlib/autogen/connector/)","",""
"J4","1","DNP JST PH2.0 B5B Vert","Conn_01x05","Connector_JST:JST_PH_B5B-PH-K_1x05_P2.00mm_Vertical","Generic connector, single row, 01x05, script generated (kicad-library-utils/schlib/autogen/connector/)","",""
"Q1","1","AS2302","BSS123","Package_TO_SOT_SMD:SOT-23","0.17A Id, 100V Vds, N-Channel MOSFET, SOT-23","",""
"R1, R2","2","10k","R_Small_US","Resistor_SMD:R_0603_1608Metric","Resistor, small US symbol","",""
"U1","1","DNP LM2596","LM2596 Module","Makerspet:LM2596 Module","DC-DC voltage regulator module","",""
